"RelativePath","Bytes","LastWriteTimeUtc"
"artifacts/database/00_legacy_uam_prod_column_profile.json","87930","2026-07-23T20:41:55.1641762Z"
"artifacts/database/00_legacy_uam_prod_inventory.csv","1902","2026-07-23T19:41:12.6600619Z"
"artifacts/database/00_legacy_uam_prod_inventory.json","5802","2026-07-23T19:41:12.6550606Z"
"artifacts/database/00_legacy_uam_schema_metadata.json","314168","2026-07-23T20:43:33.5844821Z"
"artifacts/database/01_legacy_uam_prod_schema.sql","52523","2026-07-23T19:37:17.2354086Z"
"artifacts/database/02_legacy_uam_reference_data.sql","1793394","2026-07-23T22:12:57.4025264Z"
"artifacts/database/03_legacy_uam_sanitized_samples.sql","100547","2026-07-23T22:12:57.4206286Z"
"artifacts/database/04_legacy_uam_data_dictionary.csv","211021","2026-07-23T20:49:47.9456676Z"
"artifacts/database/04_legacy_uam_data_dictionary.json","557815","2026-07-23T20:49:47.8354751Z"
"artifacts/database/README.md","2914","2026-07-23T22:12:36.2865154Z"
"artifacts/diagrams/csharp-target-component-architecture.png","156804","2026-07-23T22:04:03.7216857Z"
"artifacts/diagrams/csharp-target-component-architecture.svg","13969","2026-07-23T22:04:00.9118768Z"
"artifacts/diagrams/legacy-agent-execution-flow.png","90898","2026-07-23T22:04:07.4081973Z"
"artifacts/diagrams/legacy-agent-execution-flow.svg","7727","2026-07-23T22:04:00.9270039Z"
"artifacts/diagrams/legacy-configuration-task-source-model.png","128194","2026-07-23T22:04:10.5952359Z"
"artifacts/diagrams/legacy-configuration-task-source-model.svg","15418","2026-07-23T22:04:00.8828753Z"
"artifacts/diagrams/legacy-logical-logging-model.png","138978","2026-07-23T22:04:14.1648361Z"
"artifacts/diagrams/legacy-logical-logging-model.svg","12107","2026-07-23T22:04:00.8588760Z"
"artifacts/diagrams/legacy-physical-data-model.png","131714","2026-07-23T22:04:17.2815070Z"
"artifacts/diagrams/legacy-physical-data-model.svg","18692","2026-07-23T22:04:00.8066540Z"
"artifacts/screenshots/dev/00-start.png","46677","2026-07-23T20:12:49.6244768Z"
"artifacts/screenshots/dev/01-logging-users-read-interaction.png","83731","2026-07-23T20:12:56.1473744Z"
"artifacts/screenshots/dev/01-logging-users.png","82719","2026-07-23T20:12:54.4163040Z"
"artifacts/screenshots/dev/02-user-grids-read-interaction.png","84380","2026-07-23T20:13:00.3839308Z"
"artifacts/screenshots/dev/02-user-grids.png","186529","2026-07-23T20:12:58.5867145Z"
"artifacts/screenshots/dev/03-organogram.png","47098","2026-07-23T20:13:03.4184393Z"
"artifacts/screenshots/dev/04-logging-data-read-interaction.png","67416","2026-07-23T20:13:09.5446654Z"
"artifacts/screenshots/dev/04-logging-data.png","67711","2026-07-23T20:13:07.8715445Z"
"artifacts/screenshots/dev/05-device-scripts-schedules-read-interaction.png","59645","2026-07-23T20:13:14.3176199Z"
"artifacts/screenshots/dev/05-device-scripts-schedules.png","211867","2026-07-23T20:13:12.5686980Z"
"artifacts/screenshots/dev/10-uam-settings.png","53872","2026-07-23T20:13:17.1766895Z"
"artifacts/screenshots/dev/11-global-settings.png","53872","2026-07-23T20:13:18.1337133Z"
"artifacts/screenshots/dev/12-process-exclusions-read-interaction.png","83496","2026-07-23T20:13:33.8401377Z"
"artifacts/screenshots/dev/12-process-exclusions.png","217865","2026-07-23T20:13:32.0900966Z"
"artifacts/screenshots/dev/13-browser-logging-exclusions-read-interaction.png","81245","2026-07-23T20:13:38.4562675Z"
"artifacts/screenshots/dev/13-browser-logging-exclusions.png","84865","2026-07-23T20:13:36.7332268Z"
"artifacts/screenshots/dev/14-application-matches-read-interaction.png","67681","2026-07-23T20:13:42.9619351Z"
"artifacts/screenshots/dev/14-application-matches.png","203305","2026-07-23T20:13:41.2113587Z"
"artifacts/screenshots/dev/15-errors.png","45093","2026-07-23T20:13:45.2369389Z"
"artifacts/screenshots/dev/16-audit-log.png","50232","2026-07-23T20:13:46.3219628Z"
"artifacts/screenshots/dev/README.md","941","2026-07-23T22:08:04.0294123Z"
"artifacts/screenshots/dev/walkthrough.json","841","2026-07-23T21:20:38.8847027Z"
"artifacts/screenshots/prod/walkthrough.json","766","2026-07-23T20:26:08.5993266Z"
"deliverables/html/UAM-databasemodel-en-data-dictionary.html","218085","2026-07-23T22:17:54.4326101Z"
"deliverables/html/UAM-doelbeeld-samenvatting-A4.html","7679","2026-07-23T22:17:44.8429211Z"
"deliverables/html/UAM-IST-samenvatting-A4.html","7278","2026-07-23T22:17:41.3599703Z"
"deliverables/html/UAM-legacy-overdrachtsdossier.html","49337","2026-07-23T22:17:48.5140660Z"
"deliverables/html/UAM-PSU-app-IST.html","15377","2026-07-23T22:18:02.3563333Z"
"deliverables/pdf/README.md","663","2026-07-23T22:11:10.8335529Z"
"deliverables/pdf/UAM-databasemodel-en-data-dictionary.pdf","2494578","2026-07-23T22:18:01.6335946Z"
"deliverables/pdf/UAM-doelbeeld-samenvatting-A4.pdf","90395","2026-07-23T22:17:47.8499944Z"
"deliverables/pdf/UAM-IST-samenvatting-A4.pdf","84366","2026-07-23T22:17:44.3608449Z"
"deliverables/pdf/UAM-legacy-overdrachtsdossier.pdf","675143","2026-07-23T22:17:52.9675842Z"
"deliverables/pdf/UAM-PSU-app-IST.pdf","1836115","2026-07-23T22:18:08.7778685Z"
"deliverables/video/README.md","884","2026-07-23T22:11:12.0678774Z"
"deliverables/video/UAM-PSU-app-walkthrough-transcript.md","3441","2026-07-23T22:00:27.7633666Z"
"deliverables/video/UAM-PSU-app-walkthrough.mp4","9194505","2026-07-23T22:01:36.5200529Z"
"deliverables/video/UAM-PSU-app-walkthrough.pptx","1617678","2026-07-23T22:00:27.2187579Z"
"deliverables/video/UAM-PSU-app-walkthrough.srt","3580","2026-07-23T22:00:27.8515897Z"
"docs/00a-uam-ist-samenvatting-a4.md","3349","2026-07-23T21:30:47.5870136Z"
"docs/00b-uam-doelbeeld-samenvatting-a4.md","3674","2026-07-23T21:30:47.5880138Z"
"docs/01-legacy-agent-uam-ps1.md","10833","2026-07-23T21:30:27.9140149Z"
"docs/02-legacy-database-model.md","7227","2026-07-23T21:30:30.1778762Z"
"docs/03-psu-app-ist.md","9624","2026-07-23T22:08:04.0334132Z"
"docs/04-csharp-target-architecture.md","9965","2026-07-23T21:30:32.0167409Z"
"docs/05-migration-map-roadmap.md","8347","2026-07-23T21:00:52.3915354Z"
"docs/appendices/legacy-data-dictionary.md","112483","2026-07-23T20:49:48.9002119Z"
"docs/README.md","4008","2026-07-23T22:14:36.9200471Z"
"manifest/VALIDATIERAPPORT.md","1833","2026-07-23T22:20:10.9480734Z"
"README-OVERDRACHT.md","2866","2026-07-23T22:19:52.5502461Z"
"scripts/Install-LegacyUamDocumentationSchema.ps1","4634","2026-07-23T19:57:53.4269638Z"
"scripts/Invoke-UamReadOnlyBrowserWalkthrough.ps1","37308","2026-07-23T20:26:41.4618449Z"
"scripts/New-LegacyUamDataDictionary.ps1","18562","2026-07-23T20:48:46.9370241Z"
"scripts/New-UamDocumentationDiagrams.ps1","24082","2026-07-23T21:29:23.3252135Z"
"scripts/New-UamDocumentationPdfs.ps1","9674","2026-07-23T22:12:16.0738194Z"
"scripts/New-UamHandoverPackage.ps1","13224","2026-07-23T22:19:53.7359295Z"
"scripts/New-UamWalkthroughVideo.ps1","11951","2026-07-23T21:48:39.5693272Z"
"scripts/Test-UamDocumentationDeliverables.ps1","9386","2026-07-23T22:12:36.2825165Z"
"sources/legacy/README.md","972","2026-07-23T21:34:18.8297044Z"
"sources/legacy/uam.redacted.ps1","240087","2026-07-23T21:36:45.5455352Z"
"sources/README.md","1143","2026-07-23T22:10:39.6090908Z"
"uam-logging.ps1","105434","2026-07-10T18:27:47.9405312Z"
